TEAM_ID,TEAM_NAME,GP,W,L,W_PCT,MIN,FGM,FGA,FG_PCT,FG3M,FG3A,FG3_PCT,FTM,FTA,FT_PCT,OREB,DREB,REB,AST,TOV,STL,BLK,BLKA,PF,PFD,PTS,PLUS_MINUS,GP_RANK,W_RANK,L_RANK,W_PCT_RANK,MIN_RANK,FGM_RANK,FGA_RANK,FG_PCT_RANK,FG3M_RANK,FG3A_RANK,FG3_PCT_RANK,FTM_RANK,FTA_RANK,FT_PCT_RANK,OREB_RANK,DREB_RANK,REB_RANK,AST_RANK,TOV_RANK,STL_RANK,BLK_RANK,BLKA_RANK,PF_RANK,PFD_RANK,PTS_RANK,PLUS_MINUS_RANK
1610612737,Atlanta Hawks,56,26,30,0.464,2698.0,2422,5131,0.472,812,2197,0.37,913,1179,0.774,566,1799,2365,1710,803.0,520,263,280,1115,1027,6569,-74.0,1,18,20,20,6,2,2,11,5,8,7,26,26,19,23,11,18,1,16,5,17,21,20,26,7,19
1610612738,Boston Celtics,54,35,19,0.648,2602.0,2303,4934,0.467,831,2292,0.363,787,995,0.791,691,1762,2453,1293,653.0,413,284,229,1074,999,6224,373.0,18,4,4,4,21,12,13,17,3,3,11,29,30,11,6,16,10,29,1,22,8,5,13,28,19,3
1610612751,Brooklyn Nets,53,15,38,0.283,2559.0,2011,4512,0.446,727,2116,0.344,957,1237,0.774,586,1571,2157,1347,828.0,402,225,265,1068,1049,5706,-385.0,24,26,25,26,25,30,29,30,15,11,26,23,21,20,21,30,30,25,25,27,25,17,12,23,30,26
1610612766,Charlotte Hornets,55,26,29,0.473,2655.0,2246,4884,0.46,848,2276,0.373,1023,1246,0.821,683,1848,2531,1452,875.0,371,250,251,1050,1124,6363,104.0,9,18,18,19,11,22,16,25,2,4,5,14,20,2,8,7,5,12,28,30,20,10,8,13,13,11
1610612741,Chicago Bulls,55,24,31,0.436,2650.0,2342,4971,0.471,806,2199,0.367,933,1183,0.789,563,1893,2456,1605,797.0,410,277,299,1031,1024,6423,-211.0,9,21,22,21,14,10,10,14,8,7,8,25,24,13,24,4,9,4,15,24,11,27,6,27,10,24
1610612739,Cleveland Cavaliers,55,34,21,0.618,2650.0,2399,5040,0.476,809,2258,0.358,992,1266,0.784,670,1782,2452,1574,795.0,496,284,241,1100,1108,6599,224.0,9,7,8,8,14,5,6,9,7,5,15,18,18,17,10,12,11,7,14,7,8,8,17,15,6,8
1610612742,Dallas Mavericks,54,19,35,0.352,2617.0,2274,4833,0.471,586,1714,0.342,1019,1365,0.747,540,1873,2413,1355,794.0,409,298,275,998,1135,6153,-187.0,18,24,24,24,19,18,19,15,29,27,30,15,12,28,25,5,15,24,13,25,7,19,2,10,22,23
1610612743,Denver Nuggets,55,35,20,0.636,2670.0,2356,4761,0.495,755,1910,0.395,1153,1423,0.81,526,1821,2347,1539,701.0,377,228,254,1046,1192,6620,221.0,9,4,5,5,9,7,24,2,12,21,1,2,6,5,26,9,20,8,3,29,24,12,7,2,5,9
1610612765,Detroit Pistons,53,40,13,0.755,2554.0,2276,4744,0.48,588,1685,0.349,1074,1422,0.755,695,1724,2419,1412,809.0,564,332,296,1187,1159,6214,422.0,24,2,1,1,28,16,25,6,28,29,21,13,7,26,5,21,14,16,18,1,1,25,27,7,20,2
1610612744,Golden State Warriors,55,29,26,0.527,2650.0,2251,4882,0.461,897,2479,0.362,955,1181,0.809,600,1740,2340,1588,860.0,548,241,228,1092,1035,6354,101.0,9,14,15,15,14,21,17,22,1,1,12,24,25,6,19,19,22,6,27,3,22,4,15,25,14,12
1610612745,Houston Rockets,53,33,20,0.623,2579.0,2252,4779,0.471,600,1623,0.37,972,1287,0.755,837,1741,2578,1308,817.0,468,307,255,985,1079,6076,266.0,24,9,5,7,24,20,23,13,27,30,6,21,17,27,1,18,2,28,22,11,5,13,1,17,26,7
1610612754,Indiana Pacers,55,15,40,0.273,2655.0,2209,4915,0.449,700,2020,0.347,995,1297,0.767,569,1777,2346,1433,781.0,408,265,256,1203,1141,6113,-410.0,9,26,28,27,11,24,14,29,19,16,23,17,15,25,22,14,21,14,10,26,16,14,29,9,23,27
1610612746,LA Clippers,54,26,28,0.481,2606.998333,2129,4455,0.478,684,1872,0.365,1101,1323,0.832,515,1680,2195,1270,817.0,465,253,258,1012,1063,6043,-23.0,18,18,17,18,20,29,30,7,21,22,9,8,14,1,29,27,28,30,22,13,19,15,3,21,27,18
1610612747,Los Angeles Lakers,54,33,21,0.611,2592.0,2257,4515,0.5,633,1809,0.35,1118,1454,0.769,522,1698,2220,1367,816.0,442,216,189,1018,1150,6265,-1.0,18,9,8,9,23,19,28,1,23,25,20,5,1,24,27,24,27,23,21,18,29,1,4,8,16,16
1610612763,Memphis Grizzlies,53,20,33,0.377,2554.0,2205,4812,0.458,713,2034,0.351,986,1237,0.797,620,1765,2385,1520,804.0,437,266,258,1063,1073,6109,-117.0,24,23,23,23,28,25,21,26,17,15,18,19,21,9,16,15,16,9,17,20,15,15,10,19,24,21
1610612748,Miami Heat,56,29,27,0.518,2692.971667,2427,5260,0.461,752,2087,0.36,1091,1387,0.787,673,1951,2624,1600,793.0,513,237,295,1059,1129,6697,135.0,1,14,16,16,8,1,1,21,14,12,14,9,9,14,9,1,1,5,12,6,23,24,9,11,3,10
1610612749,Milwaukee Bucks,53,23,30,0.434,2559.0,2188,4552,0.481,780,1990,0.392,769,1044,0.737,463,1721,2184,1384,768.0,392,219,220,1064,960,5925,-180.0,24,22,20,22,25,27,27,5,11,18,2,30,29,30,30,22,29,20,8,28,27,3,11,29,29,22
1610612750,Minnesota Timberwolves,56,34,22,0.607,2703.0,2414,4991,0.484,798,2130,0.375,1076,1443,0.746,639,1870,2509,1484,810.0,492,317,219,1193,1171,6702,276.0,1,7,10,10,4,4,7,4,10,10,4,12,3,29,13,6,7,11,19,9,4,2,28,4,2,6
1610612740,New Orleans Pelicans,56,15,41,0.268,2712.971667,2351,5088,0.462,626,1813,0.345,1089,1388,0.785,686,1755,2441,1401,789.0,494,261,331,1112,1124,6417,-326.0,1,26,29,28,3,9,3,20,25,24,24,10,8,15,7,17,13,17,11,8,18,28,19,13,11,25
1610612752,New York Knicks,55,35,20,0.636,2655.0,2353,4990,0.472,827,2188,0.378,958,1213,0.79,724,1824,2548,1495,748.0,438,225,251,1124,1071,6491,339.0,9,4,5,5,11,8,8,12,4,9,3,22,23,12,3,8,4,10,6,19,25,10,22,20,9,4
1610612760,Oklahoma City Thunder,56,42,14,0.75,2713.0,2422,4973,0.487,754,2084,0.362,1105,1346,0.821,522,1923,2445,1428,698.0,547,320,239,1086,1176,6703,653.0,1,1,2,2,2,2,9,3,13,13,13,6,13,3,27,2,12,15,2,4,2,7,14,3,1,1
1610612753,Orlando Magic,53,28,25,0.528,2559.0,2170,4693,0.462,612,1788,0.342,1146,1433,0.8,592,1701,2293,1400,736.0,460,273,283,1111,1162,6098,-10.0,24,16,14,14,25,28,26,19,26,26,27,3,4,7,20,23,26,18,4,15,13,22,18,5,25,17
1610612755,Philadelphia 76ers,54,30,24,0.556,2631.998333,2232,4853,0.46,686,1928,0.356,1123,1376,0.816,656,1682,2338,1336,749.0,489,307,275,1096,1102,6273,14.0,18,13,13,13,18,23,18,24,20,19,16,4,11,4,12,26,23,26,7,10,5,19,16,16,15,15
1610612756,Phoenix Suns,55,32,23,0.582,2645.0,2275,4943,0.46,804,2210,0.364,895,1128,0.793,707,1661,2368,1374,824.0,555,219,234,1172,1041,6249,98.0,9,11,11,11,17,17,12,23,9,6,10,27,28,10,4,29,17,22,24,2,27,6,26,24,18,13
1610612757,Portland Trail Blazers,56,27,29,0.482,2698.0,2299,5086,0.452,812,2375,0.342,1104,1429,0.773,798,1780,2578,1383,970.0,447,274,343,1143,1229,6514,-110.0,1,17,18,17,6,13,4,28,5,2,29,7,5,22,2,13,2,21,30,17,12,30,24,1,8,20
1610612758,Sacramento Kings,56,12,44,0.214,2703.0,2293,4959,0.462,580,1695,0.342,1002,1296,0.773,617,1697,2314,1397,814.0,462,250,265,1129,1052,6168,-587.0,1,30,30,30,4,15,11,18,30,28,28,16,16,21,17,25,24,19,20,14,20,17,23,22,21,30
1610612759,San Antonio Spurs,54,38,16,0.704,2597.0,2299,4820,0.477,701,2018,0.347,1080,1377,0.784,613,1901,2514,1436,741.0,418,278,243,1025,1126,6379,322.0,18,3,3,3,22,13,20,8,18,17,22,11,10,16,18,3,6,13,5,21,10,9,5,12,12,5
1610612761,Toronto Raptors,55,32,23,0.582,2659.983333,2322,4911,0.473,633,1840,0.344,981,1256,0.781,628,1735,2363,1613,771.0,468,271,291,1152,1076,6258,84.0,9,11,11,11,10,11,15,10,23,23,25,20,19,18,14,20,19,3,9,11,14,23,25,18,17,14
1610612762,Utah Jazz,56,18,38,0.321,2718.0,2371,5057,0.469,725,2069,0.35,1156,1447,0.799,660,1819,2479,1684,888.0,456,196,333,1231,1160,6623,-429.0,1,25,25,25,1,6,5,16,16,14,19,1,2,8,11,10,8,2,29,16,30,29,30,6,4,28
1610612764,Washington Wizards,53,14,39,0.264,2553.983333,2189,4796,0.456,682,1926,0.354,884,1147,0.771,624,1680,2304,1335,829.0,413,318,298,1116,917,5944,-582.0,24,29,27,29,30,26,22,27,22,20,17,28,27,23,15,27,25,27,26,22,3,26,21,30,28,29
